[{"rType":"asset","rSubType":"image","fileName":"lugar  (19).png","fileSize":1622400,"val":"mc-92033c0839f02b45d3ac67c5ef52ad11.png","aid":"RcYlCpDyV","size":1622400},{"rType":"asset","rSubType":"audio","fileName":"apartmen_block.mp3","fileSize":45640,"val":"mc-01ce0fd333385001dc3aa4723f2ed885.mp3","aid":"vjcfFUcbA","size":45640},{"rType":"asset","rSubType":"image","fileName":"lugar  (9).png","fileSize":1378144,"val":"mc-f2a7d0e8d67615a76e465d5f8717af66.png","aid":"Pan_en_d3","size":1378144},{"rType":"asset","rSubType":"audio","fileName":"bus_station.mp3","fileSize":43264,"val":"mc-056163add403dafa9fcd1fab4a20c1a9.mp3","aid":"VgXJMbG_2","size":43264},{"rType":"asset","rSubType":"image","fileName":"lugar  (26).png","fileSize":1313727,"val":"mc-07d587787f0b2f95d86e656ef2daa985.png","aid":"BYrfd4bsh","size":1313727},{"rType":"asset","rSubType":"audio","fileName":"store.mp3","fileSize":33916,"val":"mc-6f1b1e2508d324f436c6cabaf5634f8a.mp3","aid":"hsIXk0rjp","size":33916},{"rType":"asset","rSubType":"image","fileName":"signos (3).png","fileSize":954017,"val":"mc-c481a99d5be163b037482273c99108e3.png","aid":"8_WuW6PYf5","size":954017},{"rType":"asset","rSubType":"audio","fileName":"taurus.mp3","fileSize":32752,"val":"mc-43a76ec37c008b62e1b70e5710cc6d09.mp3","aid":"0n5IKIHmRc","size":32752},{"rType":"asset","rSubType":"image","fileName":"lugar  (4).png","fileSize":1546865,"val":"mc-6c0cf7a2c2171381b7c48990ce752016.png","aid":"8i8pMvlBj","size":1546865},{"rType":"asset","rSubType":"audio","fileName":"restaurant.mp3","fileSize":29416,"val":"mc-b3462254c72d67073e3e3cacbe57cbaa.mp3","aid":"Xy2DjS61n","size":29416},{"rType":"asset","rSubType":"image","fileName":"lugar  (21).png","fileSize":999407,"val":"mc-c6c651902ec10fbbbd8ea5eb2824f48b.png","aid":"3JoPPun2i","size":999407},{"rType":"asset","rSubType":"audio","fileName":"cinema.mp3","fileSize":37816,"val":"mc-c0d2e9370af475d952d80d2959228abc.mp3","aid":"Z0GJZr-AY","size":37816},{"rType":"asset","rSubType":"image","fileName":"lugar  (18).png","fileSize":174721,"val":"mc-e2a6028e5affc89e3f4216aee63dd33b.png","aid":"bSQdu3kec","size":174721},{"rType":"asset","rSubType":"audio","fileName":"lamp_post.mp3","fileSize":47896,"val":"mc-5711c488022c380c1909f91784ad0bf2.mp3","aid":"pyATO9JuO","size":47896},{"rType":"asset","rSubType":"image","fileName":"lugar  (16).png","fileSize":1808644,"val":"mc-5757153cea589e4f9429366401451964.png","aid":"YbdxjuGld","size":1808644},{"rType":"asset","rSubType":"audio","fileName":"cementery.mp3","fileSize":26416,"val":"mc-758726f7c38c676b557a906aea9ab6e2.mp3","aid":"uEZIyL_gn","size":26416},{"rType":"asset","rSubType":"image","fileName":"lugar  (20).png","fileSize":1611889,"val":"mc-6ea3d5d748e1b69f3f2bcc9251cb51f3.png","aid":"ts-l2BVNw","size":1611889},{"rType":"asset","rSubType":"audio","fileName":"bridge.mp3","fileSize":25000,"val":"mc-edb8f5bcbdda30c9ba17c3d3a1819740.mp3","aid":"w53BrrmCO","size":25000},{"rType":"asset","rSubType":"image","fileName":"lugar  (22).png","fileSize":1759239,"val":"mc-b96a0b732fc98efadd3074c9266a937c.png","aid":"ZtgjNoHOG","size":1759239},{"rType":"asset","rSubType":"audio","fileName":"faire_station_.mp3","fileSize":55696,"val":"mc-5ddf5cdb08841f9d214794bf47466ccd.mp3","aid":"k0-t89QJk","size":55696},{"rType":"asset","rSubType":"image","fileName":"lugar  (27).png","fileSize":1321665,"val":"mc-b1d507d726315466a26b27e6f477efcd.png","aid":"ffC5_BxR7","size":1321665},{"rType":"asset","rSubType":"audio","fileName":"airport.mp3","fileSize":26872,"val":"mc-ac22fa1df2e8a9c8d981c36269b5fef0.mp3","aid":"xXAE_ScN7","size":26872},{"rType":"asset","rSubType":"image","fileName":"lugar .png","fileSize":113928,"val":"mc-78dff6ba4d4bec052af1069e2a98996a.png","aid":"UJ2GqQ6Do","size":113928},{"rType":"asset","rSubType":"audio","fileName":"hospital.mp3","fileSize":27968,"val":"mc-ac7a436173fbca52552a23e3e85e66b7.mp3","aid":"vE_hoLQvR","size":27968},{"rType":"asset","rSubType":"image","fileName":"lugar  (13).png","fileSize":576854,"val":"mc-67f6436c32e66d39d96ab54d15c2b137.png","aid":"j2WNxF25b","size":576854},{"rType":"asset","rSubType":"audio","fileName":"downtown.mp3","fileSize":33328,"val":"mc-7def7a4645d72d71bdda9d69d6da698c.mp3","aid":"vk6HGFNxZ","size":33328},{"rType":"asset","rSubType":"image","fileName":"unsplash.jpg","fileSize":0,"val":"mc-fef853b1973cd84967676d07de4c2d05.jpg","aid":"IA-gCrWZN","size":128849},{"rType":"asset","rSubType":"image","fileName":"unsplash.jpg","fileSize":0,"val":"mc-2bdf984123efbaf1c6a58561c28ae404.jpg","aid":"yBlSfE1nt-","size":1095400},{"rType":"asset","rSubType":"image","fileName":"lugar  (8).png","fileSize":1200730,"val":"mc-123a94fce1ae1e93551234c3403311b3.png","aid":"WSSVB0izR","size":1200730},{"rType":"asset","rSubType":"audio","fileName":"farmacy.mp3","fileSize":33376,"val":"mc-c025777c45d51dab8bd186d9ca604dba.mp3","aid":"550B0Ntmd","size":33376},{"rType":"asset","rSubType":"image","fileName":"lugar  (15).png","fileSize":1947641,"val":"mc-372f6bfea30993dc17458532fab660e1.png","aid":"j9PgSi_Fz","size":1947641},{"rType":"asset","rSubType":"audio","fileName":"avenue.mp3","fileSize":27832,"val":"mc-885867b7ffa02d93c0131aa01d7cb273.mp3","aid":"Zmg0l8BnW","size":27832},{"rType":"asset","rSubType":"image","fileName":"lugar  (7).png","fileSize":1617444,"val":"mc-796fe8752ee878d5794d1c1c9e29e14e.png","aid":"1lEfSsCu-","size":1617444},{"rType":"asset","rSubType":"audio","fileName":"bakery.mp3","fileSize":26416,"val":"mc-9c937ac3a6f9b512021f904e3ce294b2.mp3","aid":"OOh9vFeWR","size":26416},{"rType":"asset","rSubType":"image","fileName":"lugar  (24).png","fileSize":1744851,"val":"mc-bd5d2bd798325af775c5e0de3812d473.png","aid":"OnGN4WArV","size":1744851},{"rType":"asset","rSubType":"audio","fileName":"gym.mp3","fileSize":26824,"val":"mc-72dfae4b1957f0fed93fded84aafd1fa.mp3","aid":"fhdtKy4Rl","size":26824},{"rType":"asset","rSubType":"image","fileName":"lugar  (2).png","fileSize":1542198,"val":"mc-74682c3cf638fd376b2081c20edf5f36.png","aid":"I1lImyMXj","size":1542198},{"rType":"asset","rSubType":"audio","fileName":"mall.mp3","fileSize":23663,"val":"mc-1d8a6e7b73dfaa40e6f114e0cf909749.mp3","aid":"vQAA9rc6k","size":23663},{"rType":"asset","rSubType":"image","fileName":"lugar  (23).png","fileSize":359194,"val":"mc-15df41cf268cf38ece830bb344202950.png","aid":"Jc7hpUy8D","size":359194},{"rType":"asset","rSubType":"audio","fileName":"hotel.mp3","fileSize":21424,"val":"mc-7013cbace1f97354cbfd8ee698a78166.mp3","aid":"rygtvV_i5","size":21424},{"rType":"asset","rSubType":"image","fileName":"lugar  (12).png","fileSize":1228877,"val":"mc-3fd3ba17ca2beed613c988b0d1de1556.png","aid":"j-oj8XusX","size":1228877},{"rType":"asset","rSubType":"audio","fileName":"square.mp3","fileSize":24688,"val":"mc-c6a09dac7c0c33726e839f7df6d92194.mp3","aid":"wa6-aPdlM","size":24688},{"rType":"asset","rSubType":"image","fileName":"lugar  (10).png","fileSize":1802765,"val":"mc-489b263ec771713c73e8858082df3885.png","aid":"Fa2762gY-","size":1802765},{"rType":"asset","rSubType":"audio","fileName":"subway.mp3","fileSize":36608,"val":"mc-64e0248f3d150d4504ce969afc740a64.mp3","aid":"rdPtKrQ85","size":36608},{"rType":"asset","rSubType":"image","fileName":"lugar  (17).png","fileSize":1231153,"val":"mc-6e6eea5619b3d7fd18415230d1e99e11.png","aid":"TL_i52xaP","size":1231153},{"rType":"asset","rSubType":"audio","fileName":"parking.mp3","fileSize":20608,"val":"mc-e69d70fa77fb0085e0ad12564d2fab4b.mp3","aid":"E2-FRSvjE","size":20608},{"rType":"asset","rSubType":"image","fileName":"lugar  (6).png","fileSize":1804933,"val":"mc-e31fcf95ed221c3b0d6ddfbce976794a.png","aid":"N5MBOCiS9","size":1804933},{"rType":"asset","rSubType":"audio","fileName":"street.mp3","fileSize":28182,"val":"mc-c3956659fa17436d7302a732c2783220.mp3","aid":"3xjkFoMXx","size":28182},{"rType":"asset","rSubType":"image","fileName":"lugar  (14).png","fileSize":179178,"val":"mc-b9d2e6c6ca431507771648bd8957460a.png","aid":"wP5VoaN3L","size":179178},{"rType":"asset","rSubType":"audio","fileName":"courthouse.mp3","fileSize":39664,"val":"mc-2264539d8a88194ad5e572abd332d026.mp3","aid":"e-GJ_lKuq","size":39664},{"rType":"asset","rSubType":"image","fileName":"signos (3).png","fileSize":954017,"val":"mc-c481a99d5be163b037482273c99108e3.png","aid":"53o3n0tuZ9","size":954017},{"rType":"asset","rSubType":"audio","fileName":"taurus.mp3","fileSize":32752,"val":"mc-43a76ec37c008b62e1b70e5710cc6d09.mp3","aid":"MjkoP2QS5_","size":32752},{"rType":"asset","rSubType":"image","fileName":"lugar  (25).png","fileSize":2075336,"val":"mc-453ffc5bcae180abc6d192316005ab74.png","aid":"faHHAOOvB","size":2075336},{"rType":"asset","rSubType":"audio","fileName":"church.mp3","fileSize":23087,"val":"mc-922a83461ba1bb1fa43da598e0ede0d6.mp3","aid":"ZB4dvddOy","size":23087},{"rType":"asset","rSubType":"image","fileName":"lugar  (5).png","fileSize":1241268,"val":"mc-183f2b798ff8bbfea2d1288ecec2b462.png","aid":"nrZnP-WN7","size":1241268},{"rType":"asset","rSubType":"audio","fileName":"embassy.mp3","fileSize":26824,"val":"mc-7d8546581808d0e5db60bc7bf8e121ec.mp3","aid":"KnaCBlh81","size":26824},{"rType":"asset","rSubType":"image","fileName":"lugar  (3).png","fileSize":1888018,"val":"mc-0ca6eb611d8a1d2f6988591951c46bae.png","aid":"OvLSlg-qJ","size":1888018},{"rType":"asset","rSubType":"audio","fileName":"market.mp3","fileSize":22936,"val":"mc-1fd31a604b167b92493e1d441b9515cb.mp3","aid":"douEcDqBt","size":22936}]