{"i":{"offQcuRIBH":{"id":"offQcuRIBH","type":"slide","setup":{"bord":{"size":10,"rad":10},"bg":{"selectedKey":"gradient","fill":{"opac":1,"rgb":"#fe860d"},"gradient":{"angle":0,"opac":1,"stops":[{"color":"#ff7373","pos":0},{"color":"#d80807","pos":100}]}},"transparentBg":{"selectedKey":false}}},"V679uJof5":{"id":"V679uJof5","type":"interactive","subtype":"interactivePodCast","setup":{"bg":{"selectedKey":"image","fill":{"opac":1,"rgb":"#FFF"},"img":{"filt":{"opac":100,"gray":0,"blur":0,"tint":{"rgb":"#FFF","opac":0}},"pos":{"type":"fit","fit":{"bg":{"color":{"rgb":"#FFF","opac":100}},"vali":"center","hali":"center"},"crop":{"bg":{"color":{"rgb":"#FFF","opac":0}},"poi":{"x":707,"y":1008.5}},"mask":{"shape":1}},"measures":{"size":{"width":1414,"height":2000}},"orig":{"rType":"asset","rSubType":"image","fileName":"lugar  (4).png","fileSize":1546865,"val":"mc-6c0cf7a2c2171381b7c48990ce752016.png","aid":"8i8pMvlBj"}}},"audio":{"orig":{"rType":"asset","rSubType":"audio","fileName":"restaurant.mp3","fileSize":29416,"val":"mc-b3462254c72d67073e3e3cacbe57cbaa.mp3","aid":"Xy2DjS61n"}}}},"WrM8tmh3Y":{"id":"WrM8tmh3Y","type":"interactive","subtype":"interactivePodCast","setup":{"bg":{"selectedKey":"image","fill":{"opac":1,"rgb":"#FFF"},"img":{"filt":{"opac":100,"gray":0,"blur":0,"tint":{"rgb":"#FFF","opac":0}},"pos":{"type":"fit","fit":{"bg":{"color":{"rgb":"#FFF","opac":100}},"vali":"center","hali":"center"},"crop":{"bg":{"color":{"rgb":"#FFF","opac":0}},"poi":{"x":707,"y":1486.5}},"mask":{"shape":1}},"measures":{"size":{"width":1414,"height":2000}},"orig":{"rType":"asset","rSubType":"image","fileName":"lugar .png","fileSize":113928,"val":"mc-78dff6ba4d4bec052af1069e2a98996a.png","aid":"UJ2GqQ6Do"}}},"audio":{"orig":{"rType":"asset","rSubType":"audio","fileName":"hospital.mp3","fileSize":27968,"val":"mc-ac7a436173fbca52552a23e3e85e66b7.mp3","aid":"vE_hoLQvR"}}}},"O75matTHz":{"id":"O75matTHz","type":"interactive","subtype":"interactivePodCast","setup":{"bg":{"selectedKey":"image","fill":{"opac":1,"rgb":"#FFF"},"img":{"filt":{"opac":100,"gray":0,"blur":0,"tint":{"rgb":"#FFF","opac":0}},"pos":{"type":"fit","fit":{"bg":{"color":{"rgb":"#FFF","opac":100}},"vali":"center","hali":"center"},"crop":{"bg":{"color":{"rgb":"#FFF","opac":0}},"poi":{"x":707,"y":1008.5}},"mask":{"shape":1}},"measures":{"size":{"width":1414,"height":2000}},"orig":{"rType":"asset","rSubType":"image","fileName":"lugar  (2).png","fileSize":1542198,"val":"mc-74682c3cf638fd376b2081c20edf5f36.png","aid":"I1lImyMXj"}}},"audio":{"orig":{"rType":"asset","rSubType":"audio","fileName":"mall.mp3","fileSize":23663,"val":"mc-1d8a6e7b73dfaa40e6f114e0cf909749.mp3","aid":"vQAA9rc6k"}}}},"FPGm-KSKz":{"id":"FPGm-KSKz","type":"interactive","subtype":"interactiveRichText","setup":{"frmeTp":{"selectedKey":"noneFrame"},"bg":{"fill":{"opac":0,"rgb":"#FFF"}},"txt":{"val":{"ops":[{"insert":"CITY PLACES","attributes":{"bold":true,"background":"transparent","color":"black"}},{"insert":"\n","attributes":{"size":"giant","align":"center"}}]},"rType":"richtext"},"vali":"middle","hali":""}},"vYVx4P3ht":{"id":"vYVx4P3ht","type":"interactive","subtype":"interactivePodCast","setup":{"bg":{"selectedKey":"image","fill":{"opac":1,"rgb":"#FFF"},"img":{"filt":{"opac":100,"gray":0,"blur":0,"tint":{"rgb":"#FFF","opac":0}},"pos":{"type":"fit","fit":{"bg":{"color":{"rgb":"#FFF","opac":100}},"vali":"center","hali":"center"},"crop":{"bg":{"color":{"rgb":"#FFF","opac":0}},"poi":{"x":707,"y":1008.5}},"mask":{"shape":1}},"measures":{"size":{"width":1414,"height":2000}},"orig":{"rType":"asset","rSubType":"image","fileName":"lugar  (3).png","fileSize":1888018,"val":"mc-0ca6eb611d8a1d2f6988591951c46bae.png","aid":"OvLSlg-qJ"}}},"audio":{"orig":{"rType":"asset","rSubType":"audio","fileName":"market.mp3","fileSize":22936,"val":"mc-1fd31a604b167b92493e1d441b9515cb.mp3","aid":"douEcDqBt"}}}}},"v":"1"}