{"i":{"Mwqu3ouF5":{"id":"Mwqu3ouF5","type":"slide","setup":{"transparentBg":{"selectedKey":false},"bord":{"size":10,"rad":10},"bg":{"selectedKey":"gradient","fill":{"opac":1,"rgb":"#fe860d"},"gradient":{"angle":0,"opac":1,"stops":[{"color":"#ff7373","pos":0},{"color":"#d80807","pos":100}]}}}},"7YhRpJphps":{"id":"7YhRpJphps","type":"interactive","subtype":"interactivePodCast","setup":{"bg":{"selectedKey":"image","fill":{"opac":1,"rgb":"#FFF"},"img":{"filt":{"opac":100,"gray":0,"blur":0,"tint":{"rgb":"#FFF","opac":0}},"pos":{"type":"fit","fit":{"bg":{"color":{"rgb":"#FFF","opac":100}},"vali":"center","hali":"center"},"crop":{"bg":{"color":{"rgb":"#FFF","opac":0}},"poi":{"x":707,"y":964.5}},"mask":{"shape":1}},"measures":{"size":{"width":1414,"height":2000}},"orig":{"rType":"asset","rSubType":"image","fileName":"lugar  (19).png","fileSize":1622400,"val":"mc-92033c0839f02b45d3ac67c5ef52ad11.png","aid":"RcYlCpDyV"}}},"audio":{"orig":{"rType":"asset","rSubType":"audio","fileName":"apartmen_block.mp3","fileSize":45640,"val":"mc-01ce0fd333385001dc3aa4723f2ed885.mp3","aid":"vjcfFUcbA"}}}},"Dkye6mHNVo":{"id":"Dkye6mHNVo","type":"interactive","subtype":"interactivePodCast","setup":{"bg":{"selectedKey":"image","fill":{"opac":1,"rgb":"#FFF"},"img":{"filt":{"opac":100,"gray":0,"blur":0,"tint":{"rgb":"#FFF","opac":0}},"pos":{"type":"fit","fit":{"bg":{"color":{"rgb":"#FFF","opac":100}},"vali":"center","hali":"center"},"crop":{"bg":{"color":{"rgb":"#FFF","opac":0}},"poi":{"x":707,"y":964.5}},"mask":{"shape":1}},"measures":{"size":{"width":1414,"height":2000}},"orig":{"rType":"asset","rSubType":"image","fileName":"lugar  (18).png","fileSize":174721,"val":"mc-e2a6028e5affc89e3f4216aee63dd33b.png","aid":"bSQdu3kec"}}},"audio":{"orig":{"rType":"asset","rSubType":"audio","fileName":"lamp_post.mp3","fileSize":47896,"val":"mc-5711c488022c380c1909f91784ad0bf2.mp3","aid":"pyATO9JuO"}}}},"klBXpAQUKI":{"id":"klBXpAQUKI","type":"interactive","subtype":"interactivePodCast","setup":{"bg":{"selectedKey":"image","fill":{"opac":1,"rgb":"#FFF"},"img":{"filt":{"opac":100,"gray":0,"blur":0,"tint":{"rgb":"#FFF","opac":0}},"pos":{"type":"fit","fit":{"bg":{"color":{"rgb":"#FFF","opac":100}},"vali":"center","hali":"center"},"crop":{"bg":{"color":{"rgb":"#FFF","opac":0}},"poi":{"x":707,"y":1095.5}},"mask":{"shape":1}},"measures":{"size":{"width":1414,"height":2000}},"orig":{"rType":"asset","rSubType":"image","fileName":"lugar  (16).png","fileSize":1808644,"val":"mc-5757153cea589e4f9429366401451964.png","aid":"YbdxjuGld"}}},"audio":{"orig":{"rType":"asset","rSubType":"audio","fileName":"cementery.mp3","fileSize":26416,"val":"mc-758726f7c38c676b557a906aea9ab6e2.mp3","aid":"uEZIyL_gn"}}}},"sKMDCJ_40z":{"id":"sKMDCJ_40z","type":"interactive","subtype":"interactiveRichText","setup":{"frmeTp":{"selectedKey":"noneFrame"},"bg":{"fill":{"opac":0,"rgb":"#FFF"}},"txt":{"val":{"ops":[{"insert":"CITY PLACES","attributes":{"bold":true,"background":"transparent","color":"black"}},{"insert":"\n","attributes":{"size":"giant","align":"center"}}]},"rType":"richtext"},"vali":"middle","hali":""}},"7UY1ICkrdd":{"id":"7UY1ICkrdd","type":"interactive","subtype":"interactivePodCast","setup":{"bg":{"selectedKey":"image","fill":{"opac":1,"rgb":"#FFF"},"img":{"filt":{"opac":100,"gray":0,"blur":0,"tint":{"rgb":"#FFF","opac":0}},"pos":{"type":"fit","fit":{"bg":{"color":{"rgb":"#FFF","opac":100}},"vali":"center","hali":"center"},"crop":{"bg":{"color":{"rgb":"#FFF","opac":0}},"poi":{"x":707,"y":573.5}},"mask":{"shape":1}},"measures":{"size":{"width":1414,"height":2000}},"orig":{"rType":"asset","rSubType":"image","fileName":"lugar  (17).png","fileSize":1231153,"val":"mc-6e6eea5619b3d7fd18415230d1e99e11.png","aid":"TL_i52xaP"}}},"audio":{"orig":{"rType":"asset","rSubType":"audio","fileName":"parking.mp3","fileSize":20608,"val":"mc-e69d70fa77fb0085e0ad12564d2fab4b.mp3","aid":"E2-FRSvjE"}}}}},"v":"1"}