{"i":{"yVMfkUW8l":{"id":"yVMfkUW8l","type":"slide","setup":{"transparentBg":{"selectedKey":false},"bord":{"size":10,"rad":10},"bg":{"selectedKey":"gradient","fill":{"opac":1,"rgb":"#fe860d"},"gradient":{"angle":0,"opac":1,"stops":[{"color":"#ff7373","pos":0},{"color":"#d80807","pos":100}]}}}},"AxuuKG5wEU":{"id":"AxuuKG5wEU","type":"interactive","subtype":"interactiveRichText","setup":{"frmeTp":{"selectedKey":"noneFrame"},"bg":{"fill":{"opac":0,"rgb":"#FFF"}},"txt":{"val":{"ops":[{"insert":"CITY PLACES","attributes":{"bold":true,"background":"transparent","color":"black"}},{"insert":"\n","attributes":{"size":"giant","align":"center"}}]},"rType":"richtext"},"vali":"middle","hali":""}},"J4lL4apCIj":{"id":"J4lL4apCIj","type":"interactive","subtype":"interactivePodCast","setup":{"bg":{"selectedKey":"image","fill":{"opac":1,"rgb":"#FFF"},"img":{"filt":{"opac":100,"gray":0,"blur":0,"tint":{"rgb":"#FFF","opac":0}},"pos":{"type":"fit","fit":{"bg":{"color":{"rgb":"#FFF","opac":100}},"vali":"center","hali":"center"},"crop":{"bg":{"color":{"rgb":"#FFF","opac":0}},"poi":{"x":707,"y":1225.5}},"mask":{"shape":1}},"measures":{"size":{"width":1414,"height":2000}},"orig":{"rType":"asset","rSubType":"image","fileName":"lugar  (27).png","fileSize":1321665,"val":"mc-b1d507d726315466a26b27e6f477efcd.png","aid":"ffC5_BxR7"}}},"audio":{"orig":{"rType":"asset","rSubType":"audio","fileName":"airport.mp3","fileSize":26872,"val":"mc-ac22fa1df2e8a9c8d981c36269b5fef0.mp3","aid":"xXAE_ScN7"}}}},"G3n9Cqdb5d":{"id":"G3n9Cqdb5d","type":"interactive","subtype":"interactivePodCast","setup":{"bg":{"selectedKey":"image","fill":{"opac":1,"rgb":"#FFF"},"img":{"filt":{"opac":100,"gray":0,"blur":0,"tint":{"rgb":"#FFF","opac":0}},"pos":{"type":"fit","fit":{"bg":{"color":{"rgb":"#FFF","opac":100}},"vali":"center","hali":"center"},"crop":{"bg":{"color":{"rgb":"#FFF","opac":0}},"poi":{"x":707,"y":1008.5}},"mask":{"shape":1}},"measures":{"size":{"width":1414,"height":2000}},"orig":{"rType":"asset","rSubType":"image","fileName":"lugar  (24).png","fileSize":1744851,"val":"mc-bd5d2bd798325af775c5e0de3812d473.png","aid":"OnGN4WArV"}}},"audio":{"orig":{"rType":"asset","rSubType":"audio","fileName":"gym.mp3","fileSize":26824,"val":"mc-72dfae4b1957f0fed93fded84aafd1fa.mp3","aid":"fhdtKy4Rl"}}}},"VYikNweqn0":{"id":"VYikNweqn0","type":"interactive","subtype":"interactivePodCast","setup":{"bg":{"selectedKey":"image","fill":{"opac":1,"rgb":"#FFF"},"img":{"filt":{"opac":100,"gray":0,"blur":0,"tint":{"rgb":"#FFF","opac":0}},"pos":{"type":"fit","fit":{"bg":{"color":{"rgb":"#FFF","opac":100}},"vali":"center","hali":"center"},"crop":{"bg":{"color":{"rgb":"#FFF","opac":0}},"poi":{"x":707,"y":1138.5}},"mask":{"shape":1}},"measures":{"size":{"width":1414,"height":2000}},"orig":{"rType":"asset","rSubType":"image","fileName":"signos (3).png","fileSize":954017,"val":"mc-c481a99d5be163b037482273c99108e3.png","aid":"53o3n0tuZ9"}}},"audio":{"orig":{"rType":"asset","rSubType":"audio","fileName":"taurus.mp3","fileSize":32752,"val":"mc-43a76ec37c008b62e1b70e5710cc6d09.mp3","aid":"MjkoP2QS5_"}}}},"btefuvWUeP":{"id":"btefuvWUeP","type":"interactive","subtype":"interactivePodCast","setup":{"bg":{"selectedKey":"image","fill":{"opac":1,"rgb":"#FFF"},"img":{"filt":{"opac":100,"gray":0,"blur":0,"tint":{"rgb":"#FFF","opac":0}},"pos":{"type":"fit","fit":{"bg":{"color":{"rgb":"#FFF","opac":100}},"vali":"center","hali":"center"},"crop":{"bg":{"color":{"rgb":"#FFF","opac":0}},"poi":{"x":707,"y":1095.5}},"mask":{"shape":1}},"measures":{"size":{"width":1414,"height":2000}},"orig":{"rType":"asset","rSubType":"image","fileName":"lugar  (25).png","fileSize":2075336,"val":"mc-453ffc5bcae180abc6d192316005ab74.png","aid":"faHHAOOvB"}}},"audio":{"orig":{"rType":"asset","rSubType":"audio","fileName":"church.mp3","fileSize":23087,"val":"mc-922a83461ba1bb1fa43da598e0ede0d6.mp3","aid":"ZB4dvddOy"}}}}},"v":"1"}