{"i":{"BzmjG_pPjPF":{"id":"BzmjG_pPjPF","type":"slide","setup":{"transparentBg":{"selectedKey":false},"bord":{"size":10,"rad":10},"bg":{"selectedKey":"gradient","fill":{"opac":1,"rgb":"#fe860d"},"gradient":{"angle":0,"opac":1,"stops":[{"color":"#ff7373","pos":0},{"color":"#d80807","pos":100}]}}}},"r8JKzJALvJ8":{"id":"r8JKzJALvJ8","type":"interactive","subtype":"interactivePodCast","setup":{"bg":{"selectedKey":"image","fill":{"opac":1,"rgb":"#FFF"},"img":{"filt":{"opac":100,"gray":0,"blur":0,"tint":{"rgb":"#FFF","opac":0}},"pos":{"type":"fit","fit":{"bg":{"color":{"rgb":"#FFF","opac":100}},"vali":"center","hali":"center"},"crop":{"bg":{"color":{"rgb":"#FFF","opac":0}},"poi":{"x":707,"y":964.5}},"mask":{"shape":1}},"measures":{"size":{"width":1414,"height":2000}},"orig":{"rType":"asset","rSubType":"image","fileName":"lugar  (9).png","fileSize":1378144,"val":"mc-f2a7d0e8d67615a76e465d5f8717af66.png","aid":"Pan_en_d3"}}},"audio":{"orig":{"rType":"asset","rSubType":"audio","fileName":"bus_station.mp3","fileSize":43264,"val":"mc-056163add403dafa9fcd1fab4a20c1a9.mp3","aid":"VgXJMbG_2"}}}},"r9aLhyUbixc":{"id":"r9aLhyUbixc","type":"interactive","subtype":"interactivePodCast","setup":{"bg":{"selectedKey":"image","fill":{"opac":1,"rgb":"#FFF"},"img":{"filt":{"opac":100,"gray":0,"blur":0,"tint":{"rgb":"#FFF","opac":0}},"pos":{"type":"fit","fit":{"bg":{"color":{"rgb":"#FFF","opac":100}},"vali":"center","hali":"center"},"crop":{"bg":{"color":{"rgb":"#FFF","opac":0}},"poi":{"x":707,"y":964.5}},"mask":{"shape":1}},"measures":{"size":{"width":1414,"height":2000}},"orig":{"rType":"asset","rSubType":"image","fileName":"lugar  (26).png","fileSize":1313727,"val":"mc-07d587787f0b2f95d86e656ef2daa985.png","aid":"BYrfd4bsh"}}},"audio":{"orig":{"rType":"asset","rSubType":"audio","fileName":"store.mp3","fileSize":33916,"val":"mc-6f1b1e2508d324f436c6cabaf5634f8a.mp3","aid":"hsIXk0rjp"}}}},"CY2XaLK5OZP":{"id":"CY2XaLK5OZP","type":"interactive","subtype":"interactivePodCast","setup":{"bg":{"selectedKey":"image","fill":{"opac":1,"rgb":"#FFF"},"img":{"filt":{"opac":100,"gray":0,"blur":0,"tint":{"rgb":"#FFF","opac":0}},"pos":{"type":"fit","fit":{"bg":{"color":{"rgb":"#FFF","opac":100}},"vali":"center","hali":"center"},"crop":{"bg":{"color":{"rgb":"#FFF","opac":0}},"poi":{"x":707,"y":1051.5}},"mask":{"shape":1}},"measures":{"size":{"width":1414,"height":2000}},"orig":{"rType":"asset","rSubType":"image","fileName":"lugar  (23).png","fileSize":359194,"val":"mc-15df41cf268cf38ece830bb344202950.png","aid":"Jc7hpUy8D"}}},"audio":{"orig":{"rType":"asset","rSubType":"audio","fileName":"hotel.mp3","fileSize":21424,"val":"mc-7013cbace1f97354cbfd8ee698a78166.mp3","aid":"rygtvV_i5"}}}},"AXP7CnQaAGV":{"id":"AXP7CnQaAGV","type":"interactive","subtype":"interactivePodCast","setup":{"bg":{"selectedKey":"image","fill":{"opac":1,"rgb":"#FFF"},"img":{"filt":{"opac":100,"gray":0,"blur":0,"tint":{"rgb":"#FFF","opac":0}},"pos":{"type":"fit","fit":{"bg":{"color":{"rgb":"#FFF","opac":100}},"vali":"center","hali":"center"},"crop":{"bg":{"color":{"rgb":"#FFF","opac":0}},"poi":{"x":707,"y":1138.5}},"mask":{"shape":1}},"measures":{"size":{"width":1414,"height":2000}},"orig":{"rType":"asset","rSubType":"image","fileName":"lugar  (10).png","fileSize":1802765,"val":"mc-489b263ec771713c73e8858082df3885.png","aid":"Fa2762gY-"}}},"audio":{"orig":{"rType":"asset","rSubType":"audio","fileName":"subway.mp3","fileSize":36608,"val":"mc-64e0248f3d150d4504ce969afc740a64.mp3","aid":"rdPtKrQ85"}}}},"A86Hx2fa5-4":{"id":"A86Hx2fa5-4","type":"interactive","subtype":"interactiveRichText","setup":{"frmeTp":{"selectedKey":"noneFrame"},"bg":{"fill":{"opac":0,"rgb":"#FFF"}},"txt":{"val":{"ops":[{"insert":"CITY PLACES","attributes":{"bold":true,"background":"transparent","color":"black"}},{"insert":"\n","attributes":{"size":"giant","align":"center"}}]},"rType":"richtext"},"vali":"middle","hali":""}}},"v":"1"}