{"i":{"AigRNx0CE":{"id":"AigRNx0CE","type":"slide","setup":{"transparentBg":{"selectedKey":false},"bord":{"size":10,"rad":10},"bg":{"selectedKey":"gradient","fill":{"opac":1,"rgb":"#fe860d"},"gradient":{"angle":0,"opac":1,"stops":[{"color":"#ff7373","pos":0},{"color":"#d80807","pos":100}]}}}},"gqbaiXUgEb":{"id":"gqbaiXUgEb","type":"interactive","subtype":"interactiveRichText","setup":{"frmeTp":{"selectedKey":"noneFrame"},"bg":{"fill":{"opac":0,"rgb":"#FFF"}},"txt":{"val":{"ops":[{"insert":"CITY PLACES","attributes":{"bold":true,"background":"transparent","color":"black"}},{"insert":"\n","attributes":{"size":"giant","align":"center"}}]},"rType":"richtext"},"vali":"middle","hali":""}},"sv3O4bgNV2":{"id":"sv3O4bgNV2","type":"interactive","subtype":"interactivePodCast","setup":{"bg":{"selectedKey":"image","fill":{"opac":1,"rgb":"#FFF"},"img":{"filt":{"opac":100,"gray":0,"blur":0,"tint":{"rgb":"#FFF","opac":0}},"pos":{"type":"fit","fit":{"bg":{"color":{"rgb":"#FFF","opac":100}},"vali":"center","hali":"center"},"crop":{"bg":{"color":{"rgb":"#FFF","opac":0}},"poi":{"x":707,"y":964.5}},"mask":{"shape":1}},"measures":{"size":{"width":1414,"height":2000}},"orig":{"rType":"asset","rSubType":"image","fileName":"lugar  (8).png","fileSize":1200730,"val":"mc-123a94fce1ae1e93551234c3403311b3.png","aid":"WSSVB0izR"}}},"audio":{"orig":{"rType":"asset","rSubType":"audio","fileName":"farmacy.mp3","fileSize":33376,"val":"mc-c025777c45d51dab8bd186d9ca604dba.mp3","aid":"550B0Ntmd"}}}},"KxA1R52AM0":{"id":"KxA1R52AM0","type":"interactive","subtype":"interactivePodCast","setup":{"bg":{"selectedKey":"image","fill":{"opac":1,"rgb":"#FFF"},"img":{"filt":{"opac":100,"gray":0,"blur":0,"tint":{"rgb":"#FFF","opac":0}},"pos":{"type":"fit","fit":{"bg":{"color":{"rgb":"#FFF","opac":100}},"vali":"center","hali":"center"},"crop":{"bg":{"color":{"rgb":"#FFF","opac":0}},"poi":{"x":707,"y":1095.5}},"mask":{"shape":1}},"measures":{"size":{"width":1414,"height":2000}},"orig":{"rType":"asset","rSubType":"image","fileName":"lugar  (7).png","fileSize":1617444,"val":"mc-796fe8752ee878d5794d1c1c9e29e14e.png","aid":"1lEfSsCu-"}}},"audio":{"orig":{"rType":"asset","rSubType":"audio","fileName":"bakery.mp3","fileSize":26416,"val":"mc-9c937ac3a6f9b512021f904e3ce294b2.mp3","aid":"OOh9vFeWR"}}}},"sKxGyy5Z_L":{"id":"sKxGyy5Z_L","type":"interactive","subtype":"interactivePodCast","setup":{"bg":{"selectedKey":"image","fill":{"opac":1,"rgb":"#FFF"},"img":{"filt":{"opac":100,"gray":0,"blur":0,"tint":{"rgb":"#FFF","opac":0}},"pos":{"type":"fit","fit":{"bg":{"color":{"rgb":"#FFF","opac":100}},"vali":"center","hali":"center"},"crop":{"bg":{"color":{"rgb":"#FFF","opac":0}},"poi":{"x":707,"y":790.5}},"mask":{"shape":1}},"measures":{"size":{"width":1414,"height":2000}},"orig":{"rType":"asset","rSubType":"image","fileName":"lugar  (6).png","fileSize":1804933,"val":"mc-e31fcf95ed221c3b0d6ddfbce976794a.png","aid":"N5MBOCiS9"}}},"audio":{"orig":{"rType":"asset","rSubType":"audio","fileName":"street.mp3","fileSize":28182,"val":"mc-c3956659fa17436d7302a732c2783220.mp3","aid":"3xjkFoMXx"}}}},"lc4A0qkWuB":{"id":"lc4A0qkWuB","type":"interactive","subtype":"interactivePodCast","setup":{"bg":{"selectedKey":"image","fill":{"opac":1,"rgb":"#FFF"},"img":{"filt":{"opac":100,"gray":0,"blur":0,"tint":{"rgb":"#FFF","opac":0}},"pos":{"type":"fit","fit":{"bg":{"color":{"rgb":"#FFF","opac":100}},"vali":"center","hali":"center"},"crop":{"bg":{"color":{"rgb":"#FFF","opac":0}},"poi":{"x":707,"y":790.5}},"mask":{"shape":1}},"measures":{"size":{"width":1414,"height":2000}},"orig":{"rType":"asset","rSubType":"image","fileName":"lugar  (5).png","fileSize":1241268,"val":"mc-183f2b798ff8bbfea2d1288ecec2b462.png","aid":"nrZnP-WN7"}}},"audio":{"orig":{"rType":"asset","rSubType":"audio","fileName":"embassy.mp3","fileSize":26824,"val":"mc-7d8546581808d0e5db60bc7bf8e121ec.mp3","aid":"KnaCBlh81"}}}}},"v":"1"}