{"i":{"l8VDRqIUt":{"id":"l8VDRqIUt","type":"slide","setup":{"transparentBg":{"selectedKey":false},"bord":{"size":10,"rad":10},"bg":{"selectedKey":"gradient","fill":{"opac":1,"rgb":"#fe860d"},"gradient":{"angle":0,"opac":1,"stops":[{"color":"#ff7373","pos":0},{"color":"#d80807","pos":100}]}}}},"fiVwEt8jSo":{"id":"fiVwEt8jSo","type":"interactive","subtype":"interactiveRichText","setup":{"frmeTp":{"selectedKey":"noneFrame"},"bg":{"fill":{"opac":0,"rgb":"#FFF"}},"txt":{"val":{"ops":[{"insert":"CITY PLACES","attributes":{"bold":true,"background":"transparent","color":"black"}},{"insert":"\n","attributes":{"size":"giant","align":"center"}}]},"rType":"richtext"},"vali":"middle","hali":""}},"QzCo0sPf6n":{"id":"QzCo0sPf6n","type":"interactive","subtype":"interactivePodCast","setup":{"bg":{"selectedKey":"image","fill":{"opac":1,"rgb":"#FFF"},"img":{"filt":{"opac":100,"gray":0,"blur":0,"tint":{"rgb":"#FFF","opac":0}},"pos":{"type":"fit","fit":{"bg":{"color":{"rgb":"#FFF","opac":100}},"vali":"center","hali":"center"},"crop":{"bg":{"color":{"rgb":"#FFF","opac":0}},"poi":{"x":707,"y":1138.5}},"mask":{"shape":1}},"measures":{"size":{"width":1414,"height":2000}},"orig":{"rType":"asset","rSubType":"image","fileName":"signos (3).png","fileSize":954017,"val":"mc-c481a99d5be163b037482273c99108e3.png","aid":"8_WuW6PYf5"}}},"audio":{"orig":{"rType":"asset","rSubType":"audio","fileName":"taurus.mp3","fileSize":32752,"val":"mc-43a76ec37c008b62e1b70e5710cc6d09.mp3","aid":"0n5IKIHmRc"}}}},"OYunswunrz":{"id":"OYunswunrz","type":"interactive","subtype":"interactivePodCast","setup":{"bg":{"selectedKey":"image","fill":{"opac":1,"rgb":"#FFF"},"img":{"filt":{"opac":100,"gray":0,"blur":0,"tint":{"rgb":"#FFF","opac":0}},"pos":{"type":"fit","fit":{"bg":{"color":{"rgb":"#FFF","opac":100}},"vali":"center","hali":"center"},"crop":{"bg":{"color":{"rgb":"#FFF","opac":0}},"poi":{"x":707,"y":1182.5}},"mask":{"shape":1}},"measures":{"size":{"width":1414,"height":2000}},"orig":{"rType":"asset","rSubType":"image","fileName":"lugar  (21).png","fileSize":999407,"val":"mc-c6c651902ec10fbbbd8ea5eb2824f48b.png","aid":"3JoPPun2i"}}},"audio":{"orig":{"rType":"asset","rSubType":"audio","fileName":"cinema.mp3","fileSize":37816,"val":"mc-c0d2e9370af475d952d80d2959228abc.mp3","aid":"Z0GJZr-AY"}}}},"HyrvumPWwm":{"id":"HyrvumPWwm","type":"interactive","subtype":"interactivePodCast","setup":{"bg":{"selectedKey":"image","fill":{"opac":1,"rgb":"#FFF"},"img":{"filt":{"opac":100,"gray":0,"blur":0,"tint":{"rgb":"#FFF","opac":0}},"pos":{"type":"fit","fit":{"bg":{"color":{"rgb":"#FFF","opac":100}},"vali":"center","hali":"center"},"crop":{"bg":{"color":{"rgb":"#FFF","opac":0}},"poi":{"x":707,"y":1138.5}},"mask":{"shape":1}},"measures":{"size":{"width":1414,"height":2000}},"orig":{"rType":"asset","rSubType":"image","fileName":"lugar  (20).png","fileSize":1611889,"val":"mc-6ea3d5d748e1b69f3f2bcc9251cb51f3.png","aid":"ts-l2BVNw"}}},"audio":{"orig":{"rType":"asset","rSubType":"audio","fileName":"bridge.mp3","fileSize":25000,"val":"mc-edb8f5bcbdda30c9ba17c3d3a1819740.mp3","aid":"w53BrrmCO"}}}},"FKlyNQrMvP":{"id":"FKlyNQrMvP","type":"interactive","subtype":"interactivePodCast","setup":{"bg":{"selectedKey":"image","fill":{"opac":1,"rgb":"#FFF"},"img":{"filt":{"opac":100,"gray":0,"blur":0,"tint":{"rgb":"#FFF","opac":0}},"pos":{"type":"fit","fit":{"bg":{"color":{"rgb":"#FFF","opac":100}},"vali":"center","hali":"center"},"crop":{"bg":{"color":{"rgb":"#FFF","opac":0}},"poi":{"x":707,"y":964.5}},"mask":{"shape":1}},"measures":{"size":{"width":1414,"height":2000}},"orig":{"rType":"asset","rSubType":"image","fileName":"lugar  (22).png","fileSize":1759239,"val":"mc-b96a0b732fc98efadd3074c9266a937c.png","aid":"ZtgjNoHOG"}}},"audio":{"orig":{"rType":"asset","rSubType":"audio","fileName":"faire_station_.mp3","fileSize":55696,"val":"mc-5ddf5cdb08841f9d214794bf47466ccd.mp3","aid":"k0-t89QJk"}}}}},"v":"1"}