{"i":{"Hyq4l83VUUr":{"id":"Hyq4l83VUUr","type":"slide","setup":{"transparentBg":{"selectedKey":false},"bord":{"size":10,"rad":10},"bg":{"selectedKey":"gradient","fill":{"opac":1,"rgb":"#fe860d"},"gradient":{"angle":0,"opac":1,"stops":[{"color":"#ff7373","pos":0},{"color":"#d80807","pos":100}]}}}},"6bm8QkyUTUV":{"id":"6bm8QkyUTUV","type":"interactive","subtype":"interactiveRichText","setup":{"frmeTp":{"selectedKey":"noneFrame"},"bg":{"fill":{"opac":0,"rgb":"#FFF"}},"txt":{"val":{"ops":[{"insert":"CITY PLACES","attributes":{"bold":true,"background":"transparent","color":"black"}},{"insert":"\n","attributes":{"size":"giant","align":"center"}}]},"rType":"richtext"},"vali":"middle","hali":""}},"vczdHDbvvmm":{"id":"vczdHDbvvmm","type":"interactive","subtype":"interactivePodCast","setup":{"bg":{"selectedKey":"image","fill":{"opac":1,"rgb":"#FFF"},"img":{"filt":{"opac":100,"gray":0,"blur":0,"tint":{"rgb":"#FFF","opac":0}},"pos":{"type":"fit","fit":{"bg":{"color":{"rgb":"#FFF","opac":100}},"vali":"center","hali":"center"},"crop":{"bg":{"color":{"rgb":"#FFF","opac":0}},"poi":{"x":707,"y":1486.5}},"mask":{"shape":1}},"measures":{"size":{"width":1414,"height":2000}},"orig":{"rType":"asset","rSubType":"image","fileName":"lugar  (13).png","fileSize":576854,"val":"mc-67f6436c32e66d39d96ab54d15c2b137.png","aid":"j2WNxF25b"}}},"audio":{"orig":{"rType":"asset","rSubType":"audio","fileName":"downtown.mp3","fileSize":33328,"val":"mc-7def7a4645d72d71bdda9d69d6da698c.mp3","aid":"vk6HGFNxZ"}}}},"PBvjJSRrcs1":{"id":"PBvjJSRrcs1","type":"interactive","subtype":"interactivePodCast","setup":{"bg":{"selectedKey":"image","fill":{"opac":1,"rgb":"#FFF"},"img":{"filt":{"opac":100,"gray":0,"blur":0,"tint":{"rgb":"#FFF","opac":0}},"pos":{"type":"fit","fit":{"bg":{"color":{"rgb":"#FFF","opac":100}},"vali":"center","hali":"center"},"crop":{"bg":{"color":{"rgb":"#FFF","opac":0}},"poi":{"x":707,"y":1008.5}},"mask":{"shape":1}},"measures":{"size":{"width":1414,"height":2000}},"orig":{"rType":"asset","rSubType":"image","fileName":"lugar  (15).png","fileSize":1947641,"val":"mc-372f6bfea30993dc17458532fab660e1.png","aid":"j9PgSi_Fz"}}},"audio":{"orig":{"rType":"asset","rSubType":"audio","fileName":"avenue.mp3","fileSize":27832,"val":"mc-885867b7ffa02d93c0131aa01d7cb273.mp3","aid":"Zmg0l8BnW"}}}},"Oprytcq4YbX":{"id":"Oprytcq4YbX","type":"interactive","subtype":"interactivePodCast","setup":{"bg":{"selectedKey":"image","fill":{"opac":1,"rgb":"#FFF"},"img":{"filt":{"opac":100,"gray":0,"blur":0,"tint":{"rgb":"#FFF","opac":0}},"pos":{"type":"fit","fit":{"bg":{"color":{"rgb":"#FFF","opac":100}},"vali":"center","hali":"center"},"crop":{"bg":{"color":{"rgb":"#FFF","opac":0}},"poi":{"x":707,"y":1138.5}},"mask":{"shape":1}},"measures":{"size":{"width":1414,"height":2000}},"orig":{"rType":"asset","rSubType":"image","fileName":"lugar  (12).png","fileSize":1228877,"val":"mc-3fd3ba17ca2beed613c988b0d1de1556.png","aid":"j-oj8XusX"}}},"audio":{"orig":{"rType":"asset","rSubType":"audio","fileName":"square.mp3","fileSize":24688,"val":"mc-c6a09dac7c0c33726e839f7df6d92194.mp3","aid":"wa6-aPdlM"}}}},"Wv_kGugV8aM":{"id":"Wv_kGugV8aM","type":"interactive","subtype":"interactivePodCast","setup":{"bg":{"selectedKey":"image","fill":{"opac":1,"rgb":"#FFF"},"img":{"filt":{"opac":100,"gray":0,"blur":0,"tint":{"rgb":"#FFF","opac":0}},"pos":{"type":"fit","fit":{"bg":{"color":{"rgb":"#FFF","opac":100}},"vali":"center","hali":"center"},"crop":{"bg":{"color":{"rgb":"#FFF","opac":0}},"poi":{"x":707,"y":964.5}},"mask":{"shape":1}},"measures":{"size":{"width":1414,"height":2000}},"orig":{"rType":"asset","rSubType":"image","fileName":"lugar  (14).png","fileSize":179178,"val":"mc-b9d2e6c6ca431507771648bd8957460a.png","aid":"wP5VoaN3L"}}},"audio":{"orig":{"rType":"asset","rSubType":"audio","fileName":"courthouse.mp3","fileSize":39664,"val":"mc-2264539d8a88194ad5e572abd332d026.mp3","aid":"e-GJ_lKuq"}}}}},"v":"1"}