<?xml version="1.0" encoding="UTF-8"?>
<!-- Generated by JClic - https://projectestac.github.io/jclic -->
<manifest identifier="JClic-B77ACF" version="1.0" xmlns="http://www.imsproject.org/xsd/imscp_rootv1p1p2" xmlns:adlcp="http://www.adlnet.org/xsd/adlcp_rootv1p2" xmlns:xsi="http://www.w3.org/2001/XMLSchema-instance" xsi:schemaLocation= "http://www.imsproject.org/xsd/imscp_rootv1p1p2 imscp_rootv1p1p2.xsd http://www.imsglobal.org/xsd/imsmd_rootv1p2p1 imsmd_rootv1p2p1.xsd http://www.adlnet.org/xsd/adlcp_rootv1p2 adlcp_rootv1p2.xsd">
 <metadata> 
  <schema>ADL SCORM</schema>
  <schemaversion>1.2</schemaversion>
 </metadata> 
 <organizations default="JClic">  
  <organization identifier="JClic">  
   <title>idioma1_jclic</title>
   <item identifier="ITEM_JClic-B77ACF" identifierref="RES_JClic-B77ACF">
    <title>idioma1_jclic</title>
   </item>
  </organization>
 </organizations>
 <resources>
  <resource identifier="RES_JClic-B77ACF" type="webcontent" href="/index.html" adlcp:scormtype="sco"> 
   <file href="24-resized1.jpg"/>
   <file href="30-resized.jpg"/>
   <file href="arabic.mp3"/>
   <file href="corea-resized.jpg"/>
   <file href="egipto-resized.jpg"/>
   <file href="favicon.ico"/>
   <file href="flag-of-china-resized.jpg"/>
   <file href="flag-of-indonesia-resized.jpg"/>
   <file href="icon-192.png"/>
   <file href="icon-72.png"/>
   <file href="idioma1_jclic.jclic"/>
   <file href="idioma1_jclic.jclic.js"/>
   <file href="imsmanifest.xml"/>
   <file href="index.html"/>
   <file href="indonesian.mp3"/>
   <file href="korean.mp3"/>
   <file href="letrero_de_informacion-resized.jpg"/>
   <file href="mandarin.mp3"/>
   <file href="project-cover.jpg"/>
   <file href="project-thumb.jpg"/>
   <file href="project.json"/>
   <file href="russian.mp3"/>
   <file href="whatsapp_image__5_-resized.jpg"/>
   <file href="whatsapp_image__6_-resized.jpg"/>
   <file href="whatsapp_image__7_-resized.jpg"/>
   <file href="whatsapp_image__8_-resized.jpg"/>
   <file href="whatsapp_image___9_-resized.jpg"/>
  </resource>
 </resources>
</manifest>