<?xml version="1.0" encoding="UTF-8"?>
<!-- Generated by JClic - https://projectestac.github.io/jclic -->
<manifest identifier="JClic-150221" version="1.0" xmlns="http://www.imsproject.org/xsd/imscp_rootv1p1p2" xmlns:adlcp="http://www.adlnet.org/xsd/adlcp_rootv1p2" xmlns:xsi="http://www.w3.org/2001/XMLSchema-instance" xsi:schemaLocation= "http://www.imsproject.org/xsd/imscp_rootv1p1p2 imscp_rootv1p1p2.xsd http://www.imsglobal.org/xsd/imsmd_rootv1p2p1 imsmd_rootv1p2p1.xsd http://www.adlnet.org/xsd/adlcp_rootv1p2 adlcp_rootv1p2.xsd">
 <metadata> 
  <schema>ADL SCORM</schema>
  <schemaversion>1.2</schemaversion>
 </metadata> 
 <organizations default="JClic">  
  <organization identifier="JClic">  
   <title>idioma_jclic</title>
   <item identifier="ITEM_JClic-150221" identifierref="RES_JClic-150221">
    <title>idioma_jclic</title>
   </item>
  </organization>
 </organizations>
 <resources>
  <resource identifier="RES_JClic-150221" type="webcontent" href="/index.html" adlcp:scormtype="sco"> 
   <file href="24-resized.jpg"/>
   <file href="alemania-resized.jpg"/>
   <file href="brazil-resized.jpg"/>
   <file href="english.mp3"/>
   <file href="favicon.ico"/>
   <file href="flag-of-france-resized.jpg"/>
   <file href="flag-of-spain-resized.jpg"/>
   <file href="flag-of-usa-silk-close-up-resized.jpg"/>
   <file href="french.mp3"/>
   <file href="german.mp3"/>
   <file href="icon-192.png"/>
   <file href="icon-72.png"/>
   <file href="idioma_jclic.jclic"/>
   <file href="idioma_jclic.jclic.js"/>
   <file href="imsmanifest.xml"/>
   <file href="index.html"/>
   <file href="letrero_de_informacion-resized.jpg"/>
   <file href="portuguese.mp3"/>
   <file href="project-cover.jpg"/>
   <file href="project-thumb.jpg"/>
   <file href="project.json"/>
   <file href="spanish.mp3"/>
   <file href="whatsapp_image__-resized.jpg"/>
   <file href="whatsapp_image__1_-resized.jpg"/>
   <file href="whatsapp_image__3_-resized.jpg"/>
   <file href="whatsapp_image__4_-resized.jpg"/>
   <file href="whatsapp_image___2_-resized.jpg"/>
  </resource>
 </resources>
</manifest>